Event name,Date,Start Time,End Time,Artists,Venue,Event URL,Number of guests attending
‚ó•‚ó£SINGULARITY‚ó•‚ó£,2025-05-19T00:00:00.000,2025-05-19T23:00:00.000,2025-05-20T08:00:00.000,"Shaleen, Projekt Gestalten, Ruslan Mays, DJ Hyaluron",Tresor / Globus,/events/2142678,227
Electric Monday,2025-05-19T00:00:00.000,2025-05-19T22:00:00.000,2025-05-20T06:00:00.000,"Frankov, Heinech, Frankie Flowerz",KitKatClub,/events/2140050,37
Possible Musics,2025-05-19T00:00:00.000,2025-05-19T15:00:00.000,2025-05-20T06:00:00.000,"Ava Delay, Ben English, Kenneth Scott",Club der Visionaere,/events/2169900,17
Rudi trifft Haase - DJs at Danneckerstrasse,2025-05-18T00:00:00.000,2025-05-18T15:00:00.000,2025-05-19T20:00:00.000,"Eltron, Hannes Teichmann",Kulturraum Zwingli Kirche e.V.,/events/2172216,9
manic.monday mit Robot Girl,2025-05-19T00:00:00.000,2025-05-19T18:00:00.000,2025-05-20T04:00:00.000,Robot Girl,Minimal Bar,/events/2128701,7
Dark Monday,2025-05-19T00:00:00.000,2025-05-19T22:00:00.000,2025-05-20T04:00:00.000,,Dunckerclub,/events/2136209,6
MONDAY ROAST w. P.Toile [Extended Set],2025-05-19T00:00:00.000,2025-05-19T17:00:00.000,2025-05-20T00:00:00.000,P.Toile,Klunkerkranich,/events/2169102,6
PEPPERMINT LOUNGE,2025-05-19T00:00:00.000,2025-05-19T19:30:00.000,2025-05-20T03:00:00.000,"Robot Girl, Nikolucky",Minimal Bar,/events/2173788,2
encore.une.fois / TUESDAY TECHNO RAVE,2025-05-20T00:00:00.000,2025-05-20T23:00:00.000,2025-05-21T08:00:00.000,"Disguised, Inverse Element, DJ PERIODT, GLIA",OXI,/events/2152211,133
"D√§lek (US), Wildsnail",2025-05-20T00:00:00.000,2025-05-20T19:00:00.000,2025-05-20T23:00:00.000,,Neue Zukunft,/events/2024715,76
Juno World x CDV,2025-05-20T00:00:00.000,2025-05-20T15:00:00.000,2025-05-21T06:00:00.000,"Ivan Iacobucci, Stella Fiore, Kamyar Keramati, Orli, Bonza",Club der Visionaere,/events/2163450,48
Smash & HART ‚àû Tuesday Rave,2025-05-20T00:00:00.000,2025-05-20T23:00:00.000,2025-05-21T08:00:00.000,"Nat SuPrise, Daniel Boon, DarK LiZZ",Der Wei√üe Hase,/events/2150630,37
THE UNKNOWN (FREE ENTRY),2025-05-20T00:00:00.000,2025-05-20T20:00:00.000,2025-05-21T02:30:00.000,Lobo (DE),S√ºss War Gestern,/events/2153743,24
://sektgarten x Lena Brumby [free entry & open air],2025-05-20T00:00:00.000,2025-05-20T16:00:00.000,2025-05-20T23:30:00.000,"Lena Brumby, N'djinn",://about blank,/events/2157941,20
Open Decks & Tischtennis,2025-05-20T00:00:00.000,2025-05-20T18:00:00.000,2025-05-21T04:00:00.000,,Humboldthain Club,/events/2157744,13
Around The K√∂rner #30 with Roberta Deflorio,2025-05-20T00:00:00.000,2025-05-20T20:00:00.000,2025-05-20T23:00:00.000,,Orangerie Neuk√∂lln,/events/2155841,7
ALGOMYSTICA,2025-05-20T00:00:00.000,2025-05-20T20:00:00.000,2025-05-21T00:00:00.000,"Microhm, Bilwa",Bar Neun,/events/2169932,5
go.play mit Flip Marlou,2025-05-20T00:00:00.000,2025-05-20T18:00:00.000,2025-05-21T04:00:00.000,Flip Marlou,Minimal Bar,/events/2128702,3
Shameless/Limitless: E-Prime (Scenic Route) + Schnallo (DJ),2025-05-20T00:00:00.000,2025-05-20T19:00:00.000,2025-05-21T01:00:00.000,,8MM,/events/2147279,3
"Aglomystica with Robert Schwarz, Microhm, Bilwa",2025-05-20T00:00:00.000,2025-05-20T20:00:00.000,2025-05-21T02:00:00.000,"Microhm, Bilwa",Bar Neun,/events/2170852,2
FLoHM - Solo Cello Flow Journey,2025-05-20T00:00:00.000,2025-05-20T20:00:00.000,2025-05-20T22:00:00.000,,Rotbart,/events/2154633,1
BLAUES ST√úNDCHEN w. Stornoline,2025-05-20T00:00:00.000,2025-05-20T17:00:00.000,2025-05-21T00:00:00.000,,Klunkerkranich,/events/2169115,1
SIGNALS x CYBERTRIBE SHOWCASE with Arkan LIVE,2025-05-21T00:00:00.000,2025-05-21T23:00:00.000,2025-05-22T07:00:00.000,"Arkan, SUE (AT), ENJA, AVO2X",Lokschuppen Berlin,/events/2071720,149
TECHNO MITTWOCH: TUNNEL/TURBINE,2025-05-21T00:00:00.000,2025-05-21T23:00:00.000,2025-05-22T08:00:00.000,"PETDuo, Ilyas S, Khloe",AVA Club,/events/2125449,86
SYMBIOTIKKA at KitKat Club - STELLA BOSSI Special,2025-05-21T00:00:00.000,2025-05-21T22:00:00.000,2025-05-22T07:00:00.000,"STELLA BOSSI, DJ Jordan, C'mon, Fernando De Matos, Bonq, Sebastian Ludvig, Kiar Oscuro, Orion",KitKatClub,/events/2166251,71
Zenith - Take over,2025-05-21T00:00:00.000,2025-05-21T17:00:00.000,2025-05-21T23:00:00.000,"Amanda Mussi, Parallx, Rill, TONI BA, VINVAR, VSK",Giri,/events/2171001,66
ZEL Vol.13 at Club der Visionaere,2025-05-21T00:00:00.000,2025-05-21T15:00:00.000,2025-05-22T09:00:00.000,"Picasso, Francesco Salvadori, Basse Frequenze Soundsystem, Johnson (2)",Club der Visionaere,/events/2140485,59
Tresor New Faces hosted by export,2025-05-21T00:00:00.000,2025-05-21T23:00:00.000,2025-05-22T06:00:00.000,"Mara Menace, Sira, Tizian [GER], Vxlr, Miss Italia",Tresor / Globus,/events/2140312,39
NEIL COWLEY TRIO *live,2025-05-21T00:00:00.000,2025-05-21T19:30:00.000,2025-05-21T23:00:00.000,,Gretchen,/events/2037437,28
://sektgarten x THNTS [free entry & open air],2025-05-21T00:00:00.000,2025-05-21T16:00:00.000,2025-05-21T23:30:00.000,"DJ Dripcore, Lifka, THNTS",://about blank,/events/2157946,23
(lip) service edt. 5 fundraiser,2025-05-21T00:00:00.000,2025-05-21T18:00:00.000,2025-05-22T01:00:00.000,"Bapari, Maara, NORA (1)",TORTE BAR,/events/2162243,14
Panke Sch√∂n with Bam Bam's Boogie,2025-05-21T00:00:00.000,2025-05-21T19:30:00.000,2025-05-22T03:00:00.000,Bam Bam's Boogie,Panke,/events/2172455,9
Berlin Kink,2025-05-21T00:00:00.000,2025-05-21T20:00:00.000,2025-05-22T02:00:00.000,,Insomnia,/events/2150123,8
Lilith - 'AWAKENING' AT THE GARDEN OF √ÜDEN (5‚Ç¨),2025-05-21T00:00:00.000,2025-05-21T20:00:00.000,2025-05-22T08:00:00.000,,√ÜDEN,/events/2171257,9
Rave am Mittwoch,2025-05-21T00:00:00.000,2025-05-21T23:00:00.000,2025-05-22T06:00:00.000,"Mikadoo (2), theis.de",M-BIA,/events/2171676,9
mittendrin mit Pyrame,2025-05-21T00:00:00.000,2025-05-21T18:00:00.000,2025-05-22T04:00:00.000,Pyrame,Minimal Bar,/events/2128703,4
OBSCITHEA,2025-05-21T00:00:00.000,2025-05-21T20:00:00.000,2025-05-22T01:00:00.000,"Strobe, 4BLISS#, The Kiss, Benua",Lauschangriff,/events/2174227,6
Sky-Bar Warmup - Free Entrance - Downbeat & Soulful Vibes,2025-05-21T00:00:00.000,2025-05-21T18:00:00.000,2025-05-22T02:00:00.000,,Solar,/events/2160226,2
WOCHENMITTE w. doob & Janoma,2025-05-21T00:00:00.000,2025-05-21T17:00:00.000,2025-05-22T00:00:00.000,"doob, Janoma",Klunkerkranich,/events/2169119,1
Zu Uns,2025-05-21T00:00:00.000,2025-05-21T22:00:00.000,2025-05-22T02:00:00.000,"DJ EFE, Franeva",Zu Mir Oder Zu Dir,/events/2174519,1
Strange Songs for Spring,2025-05-21T00:00:00.000,2025-05-21T21:00:00.000,2025-05-22T04:00:00.000,MissVergn√ºgen,Eschschloraque,/events/2164572,1
SUB_BAR: Beyond listening: the revolution is touch,2025-05-21T00:00:00.000,2025-05-21T15:00:00.000,2025-05-21T20:00:00.000,,Illuseum,/events/2166841,0
SUB_BAR LIVE: Alejandro Mosso presents Georhythm LIVE at Illuseum Berlin - ILLULAB ,2025-05-21T00:00:00.000,2025-05-21T19:00:00.000,2025-05-21T20:00:00.000,Alejandro Mosso,Illuseum,/events/2169926,1
[CANCELLED] Pitch Your Friend: Queer Edition,2025-05-21T00:00:00.000,2025-05-21T19:30:00.000,2025-05-21T22:00:00.000,,Urbayn Berlin,/events/2157014,6
OBXENE ,2025-05-22T00:00:00.000,2025-05-22T23:00:00.000,2025-05-23T09:00:00.000,"OCD, ANDHRAY, Axciid, KLEA, DE.fine, GLASSBASS, Lady Goccia",√ÜDEN,/events/2073530,263
Analogue Foundation presents David August with MFO,2025-05-22T00:00:00.000,2025-05-22T19:00:00.000,2025-05-22T23:30:00.000,"David August, Enyang Ha",ZENNER,/events/2027039,162
UNITY AT KITKAT CLUB,2025-05-22T00:00:00.000,2025-05-22T22:00:00.000,2025-05-23T08:00:00.000,"Julliana Kiddo, LAURIX (DE), Joe Shmoo, Limoncello",KitKatClub,/events/2071156,165
AperiGiri x NO GHETTO,2025-05-22T00:00:00.000,2025-05-22T18:00:00.000,2025-05-22T23:00:00.000,"Vanta V Black, Helina",Giri,/events/2156382,151
In Balance After Work (Open Air & Indoor),2025-05-22T00:00:00.000,2025-05-22T18:00:00.000,2025-05-22T23:59:00.000,"Idu Berg, Ponygirl, Schicktanz, Vysion",OXI,/events/2135658,107
V≈´Mantra Records,2025-05-22T00:00:00.000,2025-05-22T22:00:00.000,2025-05-23T06:00:00.000,"Bconscious, CTSD, Zona Interdunar, jo:af, Erosive, Skrei, V≈´",OHM,/events/2114191,79
Dazed State x Glue Crew,2025-05-22T00:00:00.000,2025-05-22T23:00:00.000,2025-05-23T06:00:00.000,"Tommahawk, Leon Licht, Memo., ADAMN, K.EULE, Oscar Wandel, Moto Moto, Susi & Proll",Renate,/events/2113912,59
upsammy pres. Strange Meridians + Andriy K,2025-05-22T00:00:00.000,2025-05-22T20:00:00.000,2025-05-22T22:00:00.000,"upsammy, Andriy K.",Silent Green,/events/2140569,45
RSO.CONCERTS: ZAHN & EARTH TONGUE,2025-05-22T00:00:00.000,2025-05-22T19:00:00.000,2025-05-23T00:00:00.000,,RSO.BERLIN,/events/2156838,43
Magic Power,2025-05-22T00:00:00.000,2025-05-22T22:00:00.000,2025-05-23T06:00:00.000,"O-Wells, 41ISSA, Adlas, Coco Cobra, Tils",Berghain | Panorama Bar | S√§ule,/events/2133614,40
Atmosph√®res Vol.9,2025-05-22T00:00:00.000,2025-05-22T19:00:00.000,2025-05-22T23:59:00.000,"Emme Moises, Gwenan, NEVERSLEEP, Patamamba",Kater,/events/2161355,27
"Must Be On Wax: Frau Braun, Juan Hurl√©, Berobreo",2025-05-22T00:00:00.000,2025-05-22T23:00:00.000,2025-05-23T04:00:00.000,"Frau Braun, Juan Hurl√©, Berobreo",Bulbul Berlin,/events/2149619,25
"Houseum Party: Balthazar Martinez, Holo, DJ Houseum",2025-05-22T00:00:00.000,2025-05-22T20:00:00.000,2025-05-23T02:00:00.000,"Balthazar Martinez, Holo (2), DJ Houseum",Klunkerkranich,/events/2152922,23
THE UNKNOWN (FREE ENTRY),2025-05-22T00:00:00.000,2025-05-22T19:00:00.000,2025-05-23T02:30:00.000,Shabi,Zu Mir Oder Zu Dir,/events/2153745,17
Pulse something,2025-05-22T00:00:00.000,2025-05-22T19:00:00.000,2025-05-23T01:00:00.000,"BUTTCHIN, dOctOr doms, G-Theory, Luminick, Arthus-music",Lauschangriff,/events/2167791,18
Straff / thursday techno / 5‚Ç¨ until 1:00 AM,2025-05-22T00:00:00.000,2025-05-22T23:00:00.000,2025-05-23T08:00:00.000,"maniaclina, Henriko S. Sagert",Der Wei√üe Hase,/events/2151151,14
"morrow on Tour 2025 w./ morrow (live), Carlo Karacho (live), Lina12345",2025-05-22T00:00:00.000,2025-05-22T19:30:00.000,2025-05-22T23:59:00.000,Carlo Karacho,Monarch,/events/2150580,12
We R The Aliens at CDV,2025-05-22T00:00:00.000,2025-05-22T15:00:00.000,2025-05-23T10:00:00.000,"Snad, HEAR, Marc Schneider, D Jaguar, Memek, Neil-E (1), MELINA (3), Jakob Seidensticker, Wareika",Club der Visionaere,/events/2169007,13
://sektgarten x laut gegen antisemitismus,2025-05-22T00:00:00.000,2025-05-22T16:00:00.000,2025-05-22T23:59:00.000,,://about blank,/events/2157994,10
Savory - Techno Every Thursday,2025-05-22T00:00:00.000,2025-05-22T23:00:00.000,2025-05-23T06:00:00.000,"Fischmonger, Mareike Bautz, Macon, WAN.1",OST,/events/2146544,11
DSS! Takeover,2025-05-22T00:00:00.000,2025-05-22T19:00:00.000,2025-05-22T22:00:00.000,"LM, Brieela, Jos√©pha",H√ñR Berlin,/events/2122737,7
Mara Vilu invites:,2025-05-22T00:00:00.000,2025-05-22T21:00:00.000,2025-05-23T05:00:00.000,"DJ IL, Mara Vilu, Marina Semren",Crack Bellmer,/events/2166894,12
KARA DELIK - Record Release Show *live,2025-05-22T00:00:00.000,2025-05-22T19:30:00.000,2025-05-22T23:00:00.000,,Gretchen,/events/2078682,6
loone Livestream with OYE Records,2025-05-22T00:00:00.000,2025-05-22T18:00:00.000,2025-05-22T21:00:00.000,"Bloody Mary, Sabine Hoffmann, Shaleen",It's a Bar,/events/2170884,8
Chantals House of Shame,2025-05-22T00:00:00.000,2025-05-22T23:00:00.000,2025-05-23T06:00:00.000,,Lokschuppen Berlin,/events/2158946,5
electronic.thursday mit Pablo Cornejo (Chile),2025-05-22T00:00:00.000,2025-05-22T18:00:00.000,2025-05-23T05:00:00.000,Pablo Cornejo,Minimal Bar,/events/2128725,3
‚ùñ Cosmic Thursdays meets dilad√Ø ‚ùñ,2025-05-22T00:00:00.000,2025-05-22T22:00:00.000,2025-05-23T06:00:00.000,"dilad√Ø, Neobeo, Sascha Flux",S√ºss War Gestern,/events/2174933,3
Sssmile Afterhour,2025-05-22T00:00:00.000,2025-05-22T06:30:00.000,2025-05-22T13:00:00.000,"Andi Beat, The Shredder",Prisma,/events/2160367,2
Listening Session,2025-05-22T00:00:00.000,2025-05-22T19:00:00.000,2025-05-22T22:00:00.000,,"TBA - St. Oberholz, Oranienstra√üe 10-11, 10997 Berlin, Germany",/events/2167091,2
Studio X with Sesto Senso ALL NIGHT LONG,2025-05-22T00:00:00.000,2025-05-22T22:30:00.000,2025-05-23T05:00:00.000,"Franz Scala, Fabrizio Mammarella",Sameheads,/events/2170517,4
Tausend ELECTRONICA - LAURITZ F,2025-05-22T00:00:00.000,2025-05-22T22:00:00.000,2025-05-23T03:00:00.000,,Tausend,/events/2158781,1
It Only Takes One Flame To Start A Fire,2025-05-22T00:00:00.000,2025-05-22T19:30:00.000,2025-05-22T22:30:00.000,,Neue Zukunft,/events/2165064,1
SUB_BAR: Beyond listening: the revolution is touch,2025-05-22T00:00:00.000,2025-05-22T10:00:00.000,2025-05-22T15:00:00.000,,Illuseum,/events/2166843,1
Donnerdogge,2025-05-22T00:00:00.000,2025-05-22T23:59:00.000,2025-05-23T12:00:00.000,"Yuli Romano, Tom Ginzburg, Nils Ohrmann",Golden Gate,/events/2168119,1
Naked Grapes with Llupe,2025-05-22T00:00:00.000,2025-05-22T20:00:00.000,2025-05-22T23:00:00.000,Llupe,Orangerie Neuk√∂lln,/events/2169123,1
"WE K√úYEN w. Lisa Thaens b2b Like Lava, Sontag live, Ativ Aras b2b AP Solis, LFKN b2b Konrad:ioo",2025-05-22T00:00:00.000,2025-05-22T16:00:00.000,2025-05-23T01:00:00.000,Lisa Thaens,Klunkerkranich,/events/2172239,1
Groovy Golden Hour with Simon C. & Concentio,2025-05-22T00:00:00.000,2025-05-22T18:00:00.000,2025-05-23T00:00:00.000,"Simon C., Concentio",Glasweise,/events/2174075,2
Laguna Fortuna,2025-05-22T00:00:00.000,2025-05-22T19:00:00.000,2025-05-23T02:00:00.000,Reuse,Humboldthain Club,/events/2174308,0
FACE 2 FACE - BERLIN (KUKO ANL),2025-05-23T00:00:00.000,2025-05-23T23:00:00.000,2025-05-24T06:00:00.000,"KUKO, Adrian Mills, Cloudy, Serafina",OST,/events/2155730,543
"BLUR by HIVE w / Afem Syko, ALT8, davyboi, B2, SZG, Hurts",2025-05-23T00:00:00.000,2025-05-23T23:00:00.000,2025-05-24T09:00:00.000,"3LEEZA, Afem Syko, ALT8, B2 (1), davyboi, DJ Sweedee, Gusted, Hurts, SZG, XIMA, Y√ãDM",DSTRKT (former Anomalie),/events/2085071,324
Miss Bashful's Baddie Ball ,2025-05-23T00:00:00.000,2025-05-23T21:30:00.000,2025-05-23T23:59:00.000,"Miss Bashful, DBBD",Kesselhaus,/events/2130309,267
"Else x OPUS: Matrixxman x Laure Croft, Phil Berg x Lobster, Lea Occhi + more  ",2025-05-23T00:00:00.000,2025-05-23T17:00:00.000,2025-05-24T06:00:00.000,"Dant√©, Delano Legito, JERM, Laure Croft, Lea Occhi, Matrixxman, Phil Berg, Sept",Else,/events/2133880,271
SENSUS X Lange Nacht der Wissenschaft,2025-05-23T00:00:00.000,2025-05-23T23:00:00.000,2025-05-24T09:00:00.000,"Julian Muller, Maara, Spacer Woman, PAU (6), DJ SPORTSCHUH, Pavelo Promillo, Lenny Fuck, Multifun, Bamela Paywatch, DJ-Ween, S.3000",MUENZE,/events/2131403,268
"Soul Feeder with Dinamarca, User2222, 3DMA, Sodomland, Vyper, futurristic DJ GHEPARD ",2025-05-23T00:00:00.000,2025-05-23T23:59:00.000,2025-05-24T08:00:00.000,"3DMA, Dinamarca, DJ GHEPARD, DJ Hristos, futurristic, gmaail, kiirm, Sodomland, User2222, Vyper",OXI,/events/2122129,222
"RADIANCE (Indoor/Open-Air) w Danny Wabbit, Steve Bicknell, Costanza, Keeptress b2b Delta Rain",2025-05-23T00:00:00.000,2025-05-23T23:00:00.000,2025-05-24T09:00:00.000,"Costanza, Danny Wabbit, Sandrien, Steve Bicknell, DJ Plead, Keeptress",RSO.BERLIN,/events/2149791,213
Pulse Friction,2025-05-23T00:00:00.000,2025-05-23T23:00:00.000,2025-05-24T08:00:00.000,"AMORE*FURORE, Judi Mc Fly, OM (COL), 2727, dOctOr doms, JJZ√ò, 4BLISS#, VO227, fyschy, JAPV95, Roslyn, J~Dizz¬•, Espressivo",AVA Club,/events/2157117,172
"Anechoic x Grakken w/ Morelia, August Kind, Sandersweet, DELARAVE, bbymeister, Deltapeak & More",2025-05-23T00:00:00.000,2025-05-23T23:00:00.000,2025-05-24T09:00:00.000,"Amaro (ES), 9LALEY, futurristic, Not Charlie, Xorpel, two girls one mom, August Kind, bbymeister, Deltapeak, Morelia",√ÜDEN,/events/2086099,157
Betriebsfeier,2025-05-23T00:00:00.000,2025-05-23T23:59:00.000,2025-05-25T12:00:00.000,"Beka, Ben Green, CanDJane, Coco, Edgar Peng, Elli Altenberger, Empro, Erhardt Schuster, Hans Hammer, KIRSCH, Neco, Timid Boy",Hoppetosse,/events/2073754,160
COCONUT CONCEPTS: Relaunch w/ Sam Alfred & Natalie Robinson,2025-05-23T00:00:00.000,2025-05-23T22:00:00.000,2025-05-24T07:00:00.000,"Sam Alfred, Natalie Robinson, Carl Berg√©, Talia Dorr, Pauly, Maxim Covelo",Coco Boule,/events/2146160,154
"I LOVE MODUS OPEN AIR & INDOOR w/ DENNIS DIES DAS (live), GEORGE aka DR.RADSPORT, HOTBOI2300",2025-05-23T00:00:00.000,2025-05-23T23:00:00.000,2025-05-24T09:00:00.000,"Brent Honey, CARGO (DE), GEORGE aka DR.RADSPORT, HOTBOI2300, HugoBass303, Jacky Ickx, Krash Cora, DJ Zugzwang",Lokschuppen Berlin,/events/2151510,150
PiepShow - MayPiep,2025-05-23T00:00:00.000,2025-05-23T20:00:00.000,2025-05-24T10:00:00.000,"Tim Hagemann, Yves Meyer, Doram, N√öRIA (DE), Niƒáo L√≥up, ELEETE, Louis Harshman, KEN (DE), DJ PayPaul, PADERKID, Adriana A, Jupiter Gatling, Chris Fuego",KitKatClub,/events/2027331,116
Kater Weekender with ON! Voyage & Neustockland (Friday - Monday NONSTOP),2025-05-23T00:00:00.000,2025-05-23T22:00:00.000,2025-05-26T02:00:00.000,"Annett Gapstream, Chris Schwarzw√§lder, Mona Moore, Jama Deejay, Joma Beton, Tom Eichhagen, Franz Matthews, Rotciv, Shimanski, Shimon (3), Chris Hanke, ELIXIR, Luko, Rak√§the, Robin Schellenberg, Suse, Arno, ATTA (GER), Elli.on, Robin RB, Franziska Berns, Aleska, Hightower Soundsystem, Luna City Express, Sexy Lazer",Kater,/events/2157438,126
Topfschlagen,2025-05-23T00:00:00.000,2025-05-23T23:00:00.000,2025-05-24T08:00:00.000,,M01,/events/2132627,109
Hannah Laing,2025-05-23T00:00:00.000,2025-05-23T22:00:00.000,2025-05-24T09:00:00.000,"Hannah Laing, Mareike Bautz, DJ S3XERCISE",Ritter Butzke,/events/2128800,83
Sahra Ÿ°Ÿ©: The Electro SWANA Party,2025-05-23T00:00:00.000,2025-05-23T23:00:00.000,2025-05-24T05:00:00.000,"MUNSEF, Alias Shay",Lido Berlin,/events/2143396,88
Marie Montexier presents Pary√¨a Openair ,2025-05-23T00:00:00.000,2025-05-23T15:00:00.000,2025-05-23T23:59:00.000,"Kat Davids, Josiane, Naomi (DE), Marie Montexier, SAM (9)","TBA - Pl√∂tzensee, Nordufer 26, 13351 Berlin",/events/2154706,75
Skew presents Appleblim,2025-05-23T00:00:00.000,2025-05-23T16:00:00.000,2025-05-23T23:59:00.000,"Appleblim, Cmba, Courtroom Drama",Giri,/events/2142789,74
Laundrette,2025-05-23T00:00:00.000,2025-05-23T22:00:00.000,2025-05-24T06:00:00.000,"David Elimelech, Jorkes, NIKS, Partok, Roi Perez, Rumi von Baires, Samira",Berghain | Panorama Bar | S√§ule,/events/2133625,71
"Birgits Weekender with NILU, Till Antonio, DANNSEN, Albin Brezlan, Mark Michael, Face-B",2025-05-23T00:00:00.000,2025-05-23T22:00:00.000,2025-05-25T08:00:00.000,"Michael Ritter, DANNSEN, Face-B, MOOGLI (DE), Igor Marijuan, Till Antonio, NILU, dilad√Ø, Albin Brezlan, Mark Michael",Birgit,/events/2094386,65
UNDRCRWD Turns 1,2025-05-23T00:00:00.000,2025-05-23T23:00:00.000,2025-05-24T06:00:00.000,"beta_phase, Blachord, DJ Marviosi, Sarkha",Slaughterhouse am Kulturfabrik Moabit,/events/2148540,66
UNISON invites: ACTITUDE and AROMA,2025-05-23T00:00:00.000,2025-05-23T23:00:00.000,2025-05-24T08:00:00.000,"Sarica, OFFsync, JSavant, Rez Alberto Rettore, Arninho, Alex Korner, HANAFIA', Gonzalo Lavin (Chile), LG Jasper, M4RY, Sinan Varol",Humboldthain Club,/events/2165648,95
"Renate Klubnacht with Myra, Selene, Carmen Lisa, Vio PRG, Peter Schumann, Coss",2025-05-23T00:00:00.000,2025-05-23T17:00:00.000,2025-05-24T08:00:00.000,"Lush Lab, MYRA (NL), Selene (2), Carmen Lisa (2), Peter Schumann, Coss, Vio PRG, Running Hot, Teresi, Pavel Aeling",Renate,/events/2113913,62
Tresor meets International Chrome,2025-05-23T00:00:00.000,2025-05-23T23:00:00.000,2025-05-24T11:00:00.000,"CLITS, Jensen Interceptor, JLZ (BRA), NVST, Black Rave Culture, DJ Shufflemaster, Narkis Tepler",Tresor / Globus,/events/2140319,64
Underground Rave // KATHARSIS // SECRET LOCATION,2025-05-23T00:00:00.000,2025-05-23T22:30:00.000,2025-05-24T07:30:00.000,"adamjuh, sharizzl, David Sam√≥, Trash Bandit, Cruxado, two girls one mom",TBA - Secret Location only in Telegram Group,/events/2169335,68
We Will Dance Again,2025-05-23T00:00:00.000,2025-05-23T21:00:00.000,2025-05-24T07:00:00.000,"Rina (1), Jenia Tarsol, Chaim, Maayan Nidam, Shimon (3)",://about blank,/events/2149129,44
Dyketopia Berlin,2025-05-23T00:00:00.000,2025-05-23T23:00:00.000,2025-05-24T06:00:00.000,"Kiar Oscuro, CLEO",TBA - Secret Location,/events/2165319,43
catalyst_ 14hours,2025-05-23T00:00:00.000,2025-05-23T20:00:00.000,2025-05-24T10:00:00.000,"MZR, wallflower_",TBA - PRIVAT VENUE - MORE INFOS VIA TELEGRAM,/events/2144722,43
Fania Brava,2025-05-23T00:00:00.000,2025-05-23T23:30:00.000,2025-05-24T05:30:00.000,lionza,Badehaus Berlin,/events/2149002,40
"You Mean So Much #17: Pat, Queen E, Flaavi√∏, Another Pedro",2025-05-23T00:00:00.000,2025-05-23T23:00:00.000,2025-05-24T06:00:00.000,"Pat, Queen E, Flaavi√∏",Bulbul Berlin,/events/2149626,39
Pitch Your Friend: Monogamous Edition,2025-05-23T00:00:00.000,2025-05-23T19:30:00.000,2025-05-23T22:00:00.000,,Urbayn Berlin,/events/2147894,36
Korrupt Sound,2025-05-23T00:00:00.000,2025-05-23T22:00:00.000,2025-05-24T08:00:00.000,"Blck-Swan, OUTOFORDERB2B, H7 (3), chez Dalma, cell1",TBA - Secret Location Sonnenallee,/events/2160701,35
FEUCHT Vol. 2,2025-05-23T00:00:00.000,2025-05-23T23:00:00.000,2025-05-24T07:00:00.000,"Agua con gas, CHRANDY, Doctora Amor, ESVEAE",Zur Klappe,/events/2156311,33
"Diskolusion with Beatina, Unmarried Woman, Tuete, Martin Meyer & Don Andr√©s",2025-05-23T00:00:00.000,2025-05-23T23:00:00.000,2025-05-24T05:00:00.000,"Unmarried Woman, Don Andres, Martin Meyer, Tuete",Monarch,/events/2135254,25
Ofenbach (live),2025-05-23T00:00:00.000,2025-05-23T20:00:00.000,2025-05-24T00:00:00.000,,Ritter Butzke,/events/2068822,23
PRAGUE IN BERLIN,2025-05-23T00:00:00.000,2025-05-23T22:00:00.000,2025-05-24T06:00:00.000,"Marie Pravda, Shurigen, Dash (CZ)",Insomnia,/events/2135290,24
"Disco Stupenda ‚Ä¢ Tommiboy, Luca Carluccio (All Night Long)",2025-05-23T00:00:00.000,2025-05-23T23:00:00.000,2025-05-24T07:00:00.000,"Luca Carluccio, Tommiboy",Paloma,/events/2150463,20
CACTUS,2025-05-23T00:00:00.000,2025-05-23T23:00:00.000,2025-05-24T08:00:00.000,"CHEWCHEW, Marian Tone, Paulita, Shahrokh",Beate Uwe,/events/2143505,17
Outer Place,2025-05-23T00:00:00.000,2025-05-23T15:00:00.000,2025-05-24T09:00:00.000,"Monile, Gabriel (2), Stckman, Ma.to",Club der Visionaere,/events/2156145,17
DREEEEEAMS,2025-05-23T00:00:00.000,2025-05-23T21:00:00.000,2025-05-24T06:00:00.000,"Super Sound Global, Imad, Triqi, Frinda di Lanco, Hendrik Stein, Din Daa Daa, Valentin",arkaoda Berlin,/events/2164847,15
Free Party - Midnight Pulse 22,2025-05-23T00:00:00.000,2025-05-23T20:00:00.000,2025-05-24T03:00:00.000,"dOctOr doms, Petru B",Upgrade Bar,/events/2167805,15
xTrance / Hardtrance & Hardgroove,2025-05-23T00:00:00.000,2025-05-23T23:00:00.000,2025-05-24T09:00:00.000,"KAIDO, Kotti D'Azur, Kopflos, DaSoMaZo, Popsen, SXVI, Emma (8), DJ_S.A.I.D",M-BIA,/events/2169570,12
Blysk: friends,2025-05-23T00:00:00.000,2025-05-23T23:00:00.000,2025-05-24T05:00:00.000,"Boreichuk, Maksym Tkach, Parus",Marmorbar,/events/2171062,13
Peachy Cosmos Vol.14,2025-05-23T00:00:00.000,2025-05-23T22:00:00.000,2025-05-24T06:00:00.000,"Hideto Omura, Keex, Kenji Tazaki, Qualia Trax",Crack Bellmer,/events/2172085,17
"Petrified Phoenix Showcase with Avocado, Dave Dinger & Rachel Raw",2025-05-23T00:00:00.000,2025-05-23T22:00:00.000,2025-05-24T09:00:00.000,"Avocado, Dave Dinger, Rachel Raw",Ritter Butzke,/events/2128533,9
WNBL Allnighter: CASSETTE HEAD Sessions with special guests *live,2025-05-23T00:00:00.000,2025-05-23T19:30:00.000,2025-05-24T02:00:00.000,"Katerinha, Anele, Njeri",Gretchen,/events/2156827,9
GEE SPOT  ‚Äß Transgangster Tday,2025-05-23T00:00:00.000,2025-05-23T23:00:00.000,2025-05-24T11:30:00.000,"Big Leg, Genus Aix, d√©rive, theories, Yanozoto",TBA - South Berlin - All News in Telegram channel,/events/2167092,10
Missed Calls - Release Night,2025-05-23T00:00:00.000,2025-05-23T22:00:00.000,2025-05-24T06:00:00.000,Luke Shirwin,TBA - Secret Location,/events/2169521,10
"Camara, Kenneth Scott & Deadbeat live at Gaswerk Music Concerts",2025-05-23T00:00:00.000,2025-05-23T20:00:00.000,2025-05-23T23:59:00.000,"Deadbeat, Kenneth Scott",Block1,/events/2170655,9
Sina Bathaie Live in Berlin,2025-05-23T00:00:00.000,2025-05-23T19:30:00.000,2025-05-23T22:30:00.000,Sina Bathaie,Musikbrauerei,/events/2104790,8
Yo Mommas Favourite Tunes,2025-05-23T00:00:00.000,2025-05-23T20:00:00.000,2025-05-24T03:00:00.000,"RDV (1), Tschstin, EMBEE3",Wendel,/events/2137451,7
We Love Techno,2025-05-23T00:00:00.000,2025-05-23T23:00:00.000,2025-05-24T11:00:00.000,"Der Eggert, Algerics, Sika Akis, B√∏gen, Andrea Marino",Der Wei√üe Hase,/events/2171057,6
Bright Night,2025-05-23T00:00:00.000,2025-05-23T19:00:00.000,2025-05-24T04:00:00.000,"Alma Alloro, Jaeho Hwang",Panke,/events/2172064,6
AANTA presents: SISTEK at Amano East Side Rooftop Berlin,2025-05-23T00:00:00.000,2025-05-23T18:00:00.000,2025-05-23T22:00:00.000,,Amano East-Side,/events/2158002,5
9th Floor presents: 'Metamorphosis',2025-05-23T00:00:00.000,2025-05-23T21:00:00.000,2025-05-24T04:00:00.000,"No Silver Bullet, MARIE.MOON",Wilder als Erwartet,/events/2159601,6
KLUB RECORDS x Barkett by Havana Club,2025-05-23T00:00:00.000,2025-05-23T21:30:00.000,2025-05-24T05:00:00.000,"RCGT, Benleh",Barkett,/events/2156137,4
"Double Floor Madness: Hits/90s/80s/HipHop & Electro + DNA. ART Show, Open Stage & Live Music",2025-05-23T00:00:00.000,2025-05-23T19:00:00.000,2025-05-24T05:00:00.000,,Promenaden Eck,/events/2164224,4
Ascension #10 - Toronto Hustle & Sean Roman - The Unity EP Launch Party,2025-05-23T00:00:00.000,2025-05-23T23:30:00.000,2025-05-24T07:00:00.000,"Ascension on Wax, Lavan, Toronto Hustle, Sean Roman, jiyun kim",Lark,/events/2158320,4
WKND Fridays ‚Äì Hosted by Nika Herero,2025-05-23T00:00:00.000,2025-05-23T23:00:00.000,2025-05-24T06:00:00.000,Nika Herero,Weekend,/events/2155052,3
Fazorama + Afterhour,2025-05-23T00:00:00.000,2025-05-23T23:59:00.000,2025-05-24T23:59:00.000,"Haito, Hardy Hard, Edgar Peng, Samuel Fach, Hagel, Jased, Koljah",Golden Gate,/events/2168120,4
disco electronica,2025-05-23T00:00:00.000,2025-05-23T23:00:00.000,2025-05-24T05:00:00.000,,Abgedreht Club,/events/2127240,3
luca.and.friends. mit Luca ( Minimal Bar) & Freunde,2025-05-23T00:00:00.000,2025-05-23T18:00:00.000,2025-05-24T06:00:00.000,,Minimal Bar,/events/2128727,3
Sky-Bar Warmup - Free Entrance - Ambient & DeepHouse,2025-05-23T00:00:00.000,2025-05-23T18:00:00.000,2025-05-24T03:00:00.000,,Solar,/events/2160229,2
Nova,2025-05-23T00:00:00.000,2025-05-23T22:00:00.000,2025-05-24T06:00:00.000,"Zwei‚ÄôE, SINTHER, Santy, Orcus",Zitadelle Spandau,/events/2159275,2
Queens Night,2025-05-23T00:00:00.000,2025-05-23T22:00:00.000,2025-05-24T04:00:00.000,"Katrin Mendelsohn, LENNKA, Miss Parhelion",Tiffany Berlin,/events/2122858,1
Almost Exotic with Zukunft III & Fetter LIVE,2025-05-23T00:00:00.000,2025-05-23T22:30:00.000,2025-05-24T07:00:00.000,"Katzele, Menqui, Alexa D!saster, Fetter",Sameheads,/events/2166959,2
HERE SURROUNDED BY WATER,2025-05-23T00:00:00.000,2025-05-23T19:30:00.000,2025-05-23T21:00:00.000,,TAK Theater Aufbau Kreuzberg,/events/2167075,1
"VARIETY x Klunkerkranich w. Yannick Dixken, Cognac 200, Diladi, Actias, Urte Muende, Wally",2025-05-23T00:00:00.000,2025-05-23T16:00:00.000,2025-05-24T03:00:00.000,,Klunkerkranich,/events/2174088,1
Al Massimo All Night Long // Vinyls,2025-05-23T00:00:00.000,2025-05-23T22:00:00.000,2025-05-24T06:00:00.000,,Nachtleben Berlin,/events/2174968,2
Techno Moon Night - Friday,2025-05-23T00:00:00.000,2025-05-23T22:00:00.000,2025-05-24T06:00:00.000,,Soda Club,/events/2147807,0
SUB_BAR: Beyond listening: the revolution is touch,2025-05-23T00:00:00.000,2025-05-23T15:00:00.000,2025-05-23T20:00:00.000,,Illuseum,/events/2166849,0
Yann Loisel & Roots Republic - Threat Again Single Release Party,2025-05-23T00:00:00.000,2025-05-23T20:00:00.000,2025-05-24T04:00:00.000,,Gr√ºner Salon Der Volksb√ºhne,/events/2168816,0
SUB_BAR Jam at Illuseum Berlin - ILLULAB,2025-05-23T00:00:00.000,2025-05-23T18:00:00.000,2025-05-23T20:00:00.000,,Illuseum,/events/2166815,0
"Studio dB Prod: Masha Dusapin, AVA Rabiat, XI-N, Katemos, tmwykad, haden, vip client",2025-05-23T00:00:00.000,2025-05-23T20:00:00.000,2025-05-25T02:00:00.000,"Masha Dusapin, XI-N, tell me what you know about death",Studio dB,/events/2174816,1
Stimmen in Aspik - Die Schlager-Party,2025-05-23T00:00:00.000,2025-05-23T21:00:00.000,2025-05-24T05:00:00.000,,Hafenbar Berlin,/events/2174841,0
Chris Luno x Watergate Open Air,2025-05-24T00:00:00.000,2025-05-24T15:00:00.000,2025-05-24T22:00:00.000,"Chris Luno, SKALA, Basic Instinct, Aliska",Sage Beach Berlin,/events/2102729,1312
GO HARDER OR GO HOME EFN PRESENTED LIL TEXAS SUPPORT BY RAKET ONE FEAT ACTEK ‚Ä¢ FABITEKK ‚Ä¢ EYCER,2025-05-24T00:00:00.000,2025-05-24T23:00:00.000,2025-05-25T09:00:00.000,"Lil Texas, Tekk, Rave Syndicate, Manuelle Musik, Hard Ton",Astra Kulturhaus,/events/2115983,706
Intercell Outdoor x Funk Tribu Invites - Valley,2025-05-24T00:00:00.000,2025-05-24T12:00:00.000,2025-05-24T22:00:00.000,"Bella Claxton, Vall Du Son, Club Angel, Funk Tribu, GI.O, Linds, Pelin Vedis, PETERBLUE",Valley,/events/2139234,629
MATTERMIND - BERLIN - 24-05-25 - CLUB OST,2025-05-24T00:00:00.000,2025-05-24T23:00:00.000,2025-05-25T09:00:00.000,"Bildgewalt, Dana Roosy, Doruksen, LESSSS, Raxeller, SIKXTO, TERRA TWIINS",OST,/events/2137612,448
"Devoted Open Air & Indoor w/ K√∏:lab, DJ Dreckisch, SPEEDBOYS, Dominique Lamee, KLING&KLANG",2025-05-24T00:00:00.000,2025-05-24T23:00:00.000,2025-05-25T10:00:00.000,"3LEEZA, 4NOUK, Athina, DeGuzman, Dominique Lamee, DJ DRECKISCH, KLING&KLANG, K√∏:lab, mes amis, MEYEM, Paul Meier, RAXA, SPEEDBOYS",Lokschuppen Berlin,/events/2034941,437
Sachsentrance x Rave Alert w/ VCL & Jan Vercauteren,2025-05-24T00:00:00.000,2025-05-24T14:00:00.000,2025-05-25T10:00:00.000,"ANDATA, Blame the Booker, Fischmonger, HOTBOI2300, Jan Vercauteren, Pako Marckx, RaverPik, Sabu!, SUNTA, Suave, The Jakob Sister, Trypd√∏, VCL (FR), X&trick",://about blank,/events/2075382,343
An der frischen Luft OA,2025-05-24T00:00:00.000,2025-05-24T11:00:00.000,2025-05-24T23:00:00.000,"Para√ßek, Martin Books, Grace Thompson, BENITO (DE), monervo, Momentune, Daora, Texo",Strandbad Erkner,/events/2087155,335
Else x POLIFONIC,2025-05-24T00:00:00.000,2025-05-24T14:00:00.000,2025-05-25T06:00:00.000,"Danilo Plessow, moe., Mor Elian, Pancratio, Soichi Terada, Yas Reven",Else,/events/2133904,329
"3 YEARS WzT w/ Thomas Schumacher B2B A.D.H.S.,DJ Achim Feuervogel,Ephy Pinkman,Mehr is Mehr",2025-05-24T00:00:00.000,2025-05-24T23:00:00.000,2025-05-25T08:00:00.000,"Thomas Schumacher, A.D.H.S., DJ Achim Feuervogel, Ephy Pinkman, Mehr is Mehr, Franco Smith, Techmo, Nico Banfi, DJ Jordan, Tim Hagemann, Upzet",Void Club,/events/2088106,324
Klubnacht,2025-05-24T00:00:00.000,2025-05-24T23:59:00.000,2025-05-26T06:00:00.000,"Yanamaste, AMORAL, Ben Klock, Nastya Vogan, Norman Nodge, Phara, Phase Fatale, Unhuman, Chlo√©, Dukwa, ISAbella, Lis Sarroca, N I K O L A, Ogaz√≥n, Victor (DE)",Berghain | Panorama Bar | S√§ule,/events/2133594,295
NEVER SLEEP pres Five Years Anniversary Showcase,2025-05-24T00:00:00.000,2025-05-24T23:00:00.000,2025-05-26T06:00:00.000,"Gabber Eleganza, soraya (DE), Violent Magic Orchestra, Wutu, Ema Leo, FLUCC, L√òUS",DSTRKT (former Anomalie),/events/2135603,216
"Cuddles Vol. 9: DJ AYA, Jenny Cara, Schacke & more [DAY INTO NIGHT]",2025-05-24T00:00:00.000,2025-05-24T15:00:00.000,2025-05-25T08:00:00.000,"Aaron Blau, DJ AYA, Jenny Cara, Jessica Nightlife, puppy, Schacke, SENERGI",√ÜDEN,/events/2070216,191
"VERTX x Space Trax w/ Estella Boersma, Frederic, LDS, Jin Synth, Tarkno, Philipp Drube, Skodde",2025-05-24T00:00:00.000,2025-05-24T23:59:00.000,2025-05-26T08:00:00.000,"AYLIN IDAH, Jin Synth, LDS, Salty DJ, Seqta, Tarkno, Frank Heise, Lucinee, Marilao, Philipp Drube, Skodde, Estella Boersma, Frederic., Marthial, The Chronics",RSO.BERLIN,/events/2149792,187
Betriebsfeier,2025-05-23T00:00:00.000,2025-05-23T23:59:00.000,2025-05-25T12:00:00.000,"Beka, Ben Green, CanDJane, Coco, Edgar Peng, Elli Altenberger, Empro, Erhardt Schuster, Hans Hammer, KIRSCH, Neco, Timid Boy",Hoppetosse,/events/2073754,160
ADONIS x OXI: Summer Edition [Open Air+Indoor],2025-05-24T00:00:00.000,2025-05-24T14:00:00.000,2025-05-25T08:00:00.000,"Eoin DJ, Jennifer Loveless, Marie Malarie, Merve, Or:la, Perra Inmunda",OXI,/events/2125273,143
"PARIDES COLLECTIVE invites w/ FENIM0RE, Talia Dorr, Montezuma, Femme Fatale, Plattenlieferant",2025-05-24T00:00:00.000,2025-05-24T23:00:00.000,2025-05-25T08:00:00.000,"Femme Fatale, Talia Dorr, Montezuma (DE), Christa K, ATTA (GER), jetfunk, MIO (ES), Masch√©rie, djvonnebenan, Plattenlieferant, Slin Shady X WQLFF, Sebastian der Saubere",Humboldthain Club,/events/2151254,145
Lunchbox Candy,2025-05-24T00:00:00.000,2025-05-24T22:00:00.000,2025-05-25T13:00:00.000,"BLEACH.LIVE, Daniel Wang, Jana Falcon, ADAM MUNNINGS, Chico Blanco, DJ Petite, Dj handbag, Daddy Squad, Elninodiablo, Sudha, Jonathan Apelbaum",KREUZWERK,/events/2164727,130
Kater Weekender with ON! Voyage & Neustockland (Friday - Monday NONSTOP),2025-05-23T00:00:00.000,2025-05-23T22:00:00.000,2025-05-26T02:00:00.000,"Annett Gapstream, Chris Schwarzw√§lder, Mona Moore, Jama Deejay, Joma Beton, Tom Eichhagen, Franz Matthews, Rotciv, Shimanski, Shimon (3), Chris Hanke, ELIXIR, Luko, Rak√§the, Robin Schellenberg, Suse, Arno, ATTA (GER), Elli.on, Robin RB, Franziska Berns, Aleska, Hightower Soundsystem, Luna City Express, Sexy Lazer",Kater,/events/2157438,126
GLOVEX,2025-05-24T00:00:00.000,2025-05-24T23:00:00.000,2025-05-25T09:00:00.000,"HAUSBRAND, Turntabletimmie, TEZMA, Bee Lincoln",AVA Club,/events/2106453,98
Garage Girls - 3rd Birthday,2025-05-24T00:00:00.000,2025-05-24T23:59:00.000,2025-05-25T12:00:00.000,"Garage Girls, JAXX TMS, Meg10, Skankstasy, Tasha",OHM,/events/2138079,96
"Renate Klubnacht w. Sabine Hoffmann, Candy Pollard, Egotot, Frozilla, Javier Anxiety, Mona Lee",2025-05-24T00:00:00.000,2025-05-24T18:00:00.000,2025-05-25T08:00:00.000,"MEJMI, Frozilla, Handmade, Lilith., Ady Toledano, Sabine Hoffmann, Candy Pollard, Egotot, Javier Anxiety, Bauen, Habibi Grooves, Luca Olivotto, Mona Lee",Renate,/events/2113914,96
A Platonic Affair (Open Air by the river & Club Night),2025-05-24T00:00:00.000,2025-05-24T15:00:00.000,2025-05-25T06:00:00.000,"Dea (6), Tzena, Kamyar Keramati, Alexia (2), DJ Bienveillance",Kaos Berlin,/events/2144204,74
Reb≈´ke,2025-05-24T00:00:00.000,2025-05-24T22:00:00.000,2025-05-25T09:00:00.000,"Rebuke, MARC WERNER, Daniella Bjarnhof",Ritter Butzke,/events/2125995,71
"Birgits Weekender with NILU, Till Antonio, DANNSEN, Albin Brezlan, Mark Michael, Face-B",2025-05-23T00:00:00.000,2025-05-23T22:00:00.000,2025-05-25T08:00:00.000,"Michael Ritter, DANNSEN, Face-B, MOOGLI (DE), Igor Marijuan, Till Antonio, NILU, dilad√Ø, Albin Brezlan, Mark Michael",Birgit,/events/2094386,65
An der frischen Luft Aftershow,2025-05-24T00:00:00.000,2025-05-24T23:00:00.000,2025-05-25T08:00:00.000,"Grace Thompson, monervo, Paul Wolf",M-BIA,/events/2087158,57
Tresor Klubnacht,2025-05-24T00:00:00.000,2025-05-24T23:00:00.000,2025-05-25T12:00:00.000,"Anna Haleta, Sanctuary, Telephones, Alva, Cecilia Tosh, James Ruskin, no.name (IT)",Tresor / Globus,/events/2140333,54
Circular Music with Oliver Raumklang and DJ with Soul,2025-05-24T00:00:00.000,2025-05-24T18:00:00.000,2025-05-25T06:00:00.000,"Oliver Raumklang, DJ with Soul",Minimal Bar,/events/2128728,48
Shkoon // Berlin // >1 Greater Than One TOUR,2025-05-24T00:00:00.000,2025-05-24T19:00:00.000,2025-05-24T23:59:00.000,Shkoon,Festsaal Kreuzberg,/events/2048873,49
VRAU,2025-05-24T00:00:00.000,2025-05-24T23:30:00.000,2025-05-25T06:00:00.000,"_hi√∏, Folly Ghost, XD Erica",Lark,/events/2151905,50
Dub & Dal,2025-05-24T00:00:00.000,2025-05-24T18:00:00.000,2025-05-25T04:00:00.000,"O.M.Theorem, oph√©lie",MaHalla,/events/2132224,44
"Floppy Disco: Gabs Leyton, Jean Frais, Crimson Lake, DJ KodƒÅh",2025-05-24T00:00:00.000,2025-05-24T23:00:00.000,2025-05-25T06:00:00.000,"Gabs Leyton, Jean Frais, Crimson Lake, DJ Kodah",Bulbul Berlin,/events/2149629,38
MIT DIR im Kunstgarten - FREE OPEN AIR,2025-05-24T00:00:00.000,2025-05-24T14:00:00.000,2025-05-24T22:00:00.000,"Captain Ahoi, Emel White, Silvi Knallt, M4RY, Phillinger, MIRALEO",Kunstgarten Pankow,/events/2141498,35
Disco Panini: B-side,2025-05-24T00:00:00.000,2025-05-24T22:00:00.000,2025-05-25T06:00:00.000,"Cronoselect, Fruxx",Crack Bellmer,/events/2166915,36
Kedi Bounce presents Kat Nip Vol. 12,2025-05-24T00:00:00.000,2025-05-24T23:00:00.000,2025-05-25T07:00:00.000,"Kedi Bounce, Soul! Brother, DJ CHICHI, Freigeist, critical P",Paloma,/events/2149924,22
"Bambule (House & Techno, 80s, 90s, Pop, Hip Hop)",2025-05-24T00:00:00.000,2025-05-24T22:00:00.000,2025-05-25T06:00:00.000,"Frau Kaufmann, Rabella, PADERKID",Cassiopeia,/events/2161250,21
Shakomako,2025-05-24T00:00:00.000,2025-05-24T23:00:00.000,2025-05-25T08:00:00.000,"BAHAA AL DEEN, batmanka, Casey Fable, E.lias, Oskar Knickelbein, Polly Pocket, Ramy Hasnawe, Solimann",M01,/events/2149562,18
Breakfast Club x TSWG x Zanderhythm,2025-05-24T00:00:00.000,2025-05-24T12:00:00.000,2025-05-24T18:00:00.000,"Vertical67, Lz MC Can",Giri,/events/2150207,19
"MUSAR: Parris, Borusiade, Dweedo, and J.Wiltshire",2025-05-24T00:00:00.000,2025-05-24T23:00:00.000,2025-05-25T06:00:00.000,"Borusiade, Dweedo, J.Wiltshire, Parris",arkaoda Berlin,/events/2162457,15
Equarium #7,2025-05-24T00:00:00.000,2025-05-24T23:59:00.000,2025-05-25T10:00:00.000,"Anderson (US), Josefina Tapia (2), Sauchelli, DJ Zur√ºckbleiben Bitte",TBA - Secret Location,/events/2167937,14
Secret Loft Party - Berlin Noise Factory,2025-05-24T00:00:00.000,2025-05-24T20:00:00.000,2025-05-25T03:00:00.000,Diana May,TBA,/events/2160357,14
dasYradio Berlin S02 E04,2025-05-24T00:00:00.000,2025-05-24T19:00:00.000,2025-05-25T03:00:00.000,"JC Pacheco, danielle dares, Seth Bogan",Donna Bar,/events/2173083,13
BERLIN MEETS IBIZA,2025-05-24T00:00:00.000,2025-05-24T22:00:00.000,2025-05-25T05:00:00.000,"Tony Castello, DJ Tragik",Insomnia,/events/2137187,15
FiLTER PLAY ISSUE 03,2025-05-24T00:00:00.000,2025-05-24T22:00:00.000,2025-05-25T06:00:00.000,djbounty3000,Gretchen,/events/2173825,13
Blau Licht Beach,2025-05-24T00:00:00.000,2025-05-24T14:00:00.000,2025-05-24T22:00:00.000,Nicolas Binder,Strandbad Gr√ºnau,/events/2075737,10
Deset x CDV,2025-05-24T00:00:00.000,2025-05-24T12:00:00.000,2025-05-25T06:00:00.000,"Caruan, Daox, Kalabrese, Markus Nikolai, Nastik (UA), Joohin",Club der Visionaere,/events/2171977,10
FLOATHOUSE STUDIO POP UP SHOWROOM & AFTERPARTY,2025-05-24T00:00:00.000,2025-05-24T15:00:00.000,2025-05-25T05:00:00.000,"Kleinefrigo, THE HOLY (1)",Chausseestrasse 131,/events/2172885,8
Rhythmusstube,2025-05-24T00:00:00.000,2025-05-24T22:00:00.000,2025-05-25T06:00:00.000,,La Casa,/events/2158433,8
Bahama Beach,2025-05-24T00:00:00.000,2025-05-24T23:59:00.000,2025-05-25T08:00:00.000,,Fitzroy,/events/2160731,7
Gelbe Tonne,2025-05-24T00:00:00.000,2025-05-24T19:00:00.000,2025-05-25T07:00:00.000,"Aton, cxtene, Dean Denali, JC~FQ, Ludovica Frauu, todojunto, Ytu (DE)",TBA - Secret Location,/events/2169561,7
DEAD SOCIETY PRESENTS: PVNISHMENT/SNIFF/BLOKE,2025-05-24T00:00:00.000,2025-05-24T20:00:00.000,2025-05-25T01:00:00.000,,Hinterraum,/events/2158791,8
Science of Rave x Holzmarkt,2025-05-24T00:00:00.000,2025-05-24T15:00:00.000,2025-05-25T01:00:00.000,"Astrocue, Kristina Sheli, Cyranotaurus Cortex, Aamir, Discotopian",Holzmarkt 25,/events/2173439,9
embraceOurweird x Move Control - FREE OPEN AIR - AESTHETICS,2025-05-24T00:00:00.000,2025-05-24T15:00:00.000,2025-05-25T09:00:00.000,"Diskokatze, VEB Elektrokunst, BEAUTYPUNK, JaFrei Loufoque, Stampf zum Beat",TBA - via Linktree & Telegram,/events/2159205,6
"Sweet Spot /// Juan Ramos, Femdelic",2025-05-24T00:00:00.000,2025-05-24T23:00:00.000,2025-05-25T08:00:00.000,"Juan Ramos, Femdelic",Beate Uwe,/events/2143011,4
"Maximum Joy with Din Daa Daa, Luigi Di Venere, Maneta",2025-05-24T00:00:00.000,2025-05-24T22:30:00.000,2025-05-25T07:00:00.000,"Din Daa Daa, Luigi Di Venere, Maneta",Sameheads,/events/2152196,4
Etikett Radio: Spring Bloom,2025-05-24T00:00:00.000,2025-05-24T13:00:00.000,2025-05-24T21:00:00.000,"Type1, GRETA (2)",Funkhaus Berlin,/events/2166616,4
O/Y Live* / Doubt Records (Berlin),2025-05-24T00:00:00.000,2025-05-24T20:30:00.000,2025-05-24T23:59:00.000,O/Y,Pastiche,/events/2167878,4
the HOLE,2025-05-24T00:00:00.000,2025-05-24T23:00:00.000,2025-05-25T11:00:00.000,"Fabian Fischbach, Morris Fitch, DJ Doorkeeper",Der Wei√üe Hase,/events/2171066,4
"LASCHIAN presents LEOPARTEY w. Halm *live, Hanic *live*, Katzenohr, Midani, SIAAH, Solatic",2025-05-24T00:00:00.000,2025-05-24T16:00:00.000,2025-05-25T03:00:00.000,"Katzenohr, SIAAH, Solatic",Klunkerkranich,/events/2172278,4
warming release chill in,2025-05-24T00:00:00.000,2025-05-24T20:00:00.000,2025-05-25T02:00:00.000,"Toxido Mask, Sui (1), Klex, Mars Leder",Kwia,/events/2172756,4
Letzte Welle #1,2025-05-24T00:00:00.000,2025-05-24T23:00:00.000,2025-05-25T06:00:00.000,Testbild,Acud Macht NEU,/events/2135145,3
Disko International #30 with Valentino 45,2025-05-24T00:00:00.000,2025-05-24T22:00:00.000,2025-05-25T06:00:00.000,"Valentino 45, Kava (GE)",Panke,/events/2158641,3
Fazorama + Afterhour,2025-05-23T00:00:00.000,2025-05-23T23:59:00.000,2025-05-24T23:59:00.000,"Haito, Hardy Hard, Edgar Peng, Samuel Fach, Hagel, Jased, Koljah",Golden Gate,/events/2168120,4
Corpo de Baile No. 2,2025-05-24T00:00:00.000,2025-05-24T18:00:00.000,2025-05-25T04:00:00.000,"riss, Mamede",Cocoonbln,/events/2170012,4
Trash/80s/90s/Hip Hop and House on two floors,2025-05-24T00:00:00.000,2025-05-24T19:00:00.000,2025-05-25T05:00:00.000,,Promenaden Eck,/events/2164229,2
The Hoochie Koo - Bump'n'Grind ,2025-05-24T00:00:00.000,2025-05-24T21:00:00.000,2025-05-25T04:00:00.000,"Don Rogall, Host (CA), Special Guest (US)",So36,/events/2171729,2
House Fusion,2025-05-24T00:00:00.000,2025-05-24T22:00:00.000,2025-05-25T03:00:00.000,Dante Tom,Amano,/events/2151065,1
SUB_BAR: Beyond listening: the revolution is touch,2025-05-24T00:00:00.000,2025-05-24T15:00:00.000,2025-05-24T20:00:00.000,,Illuseum,/events/2166855,1
HERE SURROUNDED BY WATER,2025-05-24T00:00:00.000,2025-05-24T19:30:00.000,2025-05-24T21:00:00.000,,TAK Theater Aufbau Kreuzberg,/events/2167079,1
Klubnacht,2025-05-24T00:00:00.000,2025-05-24T23:59:00.000,2025-05-25T15:00:00.000,"Ray Mono, SaPu, Memek, beccs, Bombe",Golden Gate,/events/2168121,1
choose: free all antifas,2025-05-24T00:00:00.000,2025-05-24T15:00:00.000,2025-05-25T10:00:00.000,"Ali Rajat, Kenji Tanaka, Miau Sayonara, stinia3000",TBA - Berlin / DM for location: ,/events/2171226,1
La Casita Recordings,2025-05-24T00:00:00.000,2025-05-24T22:00:00.000,2025-05-25T06:00:00.000,"Chich√∂l, Mhauro, Mati Amoretti",Nachtleben Berlin,/events/2174979,5
La Nave Del Olvido @ Bar Neun,2025-05-24T00:00:00.000,2025-05-24T21:00:00.000,2025-05-25T06:00:00.000,,Bar Neun,/events/2175053,1
Techno Moon Night - Saturday,2025-05-24T00:00:00.000,2025-05-24T22:00:00.000,2025-05-25T06:00:00.000,,Soda Club,/events/2147815,0
Sky-Bar Warmup - Free Entrance - Oldschool Hiphop Soul,2025-05-24T00:00:00.000,2025-05-24T18:00:00.000,2025-05-25T03:00:00.000,,Solar,/events/2160231,0
Radio Vampiro,2025-05-24T00:00:00.000,2025-05-24T21:00:00.000,2025-05-25T02:00:00.000,,Bar Neun,/events/2170859,0
ARVI X SAFADA,2025-05-24T00:00:00.000,2025-05-24T23:59:00.000,2025-05-25T06:00:00.000,"Glabra, Gadutra",Zur Klappe,/events/2174019,0
Abgesagt,2025-05-24T00:00:00.000,2025-05-24T23:00:00.000,2025-05-25T05:30:00.000,,TBA,/events/2174849,0
K√§ptens Club Party - Disco pur,2025-05-24T00:00:00.000,2025-05-24T21:00:00.000,2025-05-25T05:00:00.000,,Hafenbar Berlin,/events/2174855,0
"Studio dB Prod: Masha Dusapin, AVA Rabiat, XI-N, Katemos, tmwykad, haden, vip client",2025-05-23T00:00:00.000,2025-05-23T20:00:00.000,2025-05-25T02:00:00.000,"Masha Dusapin, XI-N, tell me what you know about death",Studio dB,/events/2174816,1
[CANCELLED] Diskotek Free Open Air at SEZ,2025-05-24T00:00:00.000,2025-05-24T14:00:00.000,2025-05-24T22:00:00.000,"Daniella Bjarnhof, Family Business, DJ Omlet, Blachord, Papa Hase, Valenso",Recede Club Berlin,/events/2105616,66
SEVEN Sunday,2025-05-25T00:00:00.000,2025-05-25T14:00:00.000,2025-05-26T06:00:00.000,"CRYME, Cybersex, Daisy Weweh, DHC, ferrari rot, FR√ÜNZ:, Ines Cartas, Katy De Jesus, limbic sis, Natalie Robinson, Posture, SENERGI, SIBAST, Sparkly Pony, slin, Yen Sung, Tal Fussman",Else,/events/2067486,920
Rooftop POWER,2025-05-25T00:00:00.000,2025-05-25T14:00:00.000,2025-05-25T22:00:00.000,Power Squad,Amano East-Side,/events/2146703,349
Klubnacht,2025-05-24T00:00:00.000,2025-05-24T23:59:00.000,2025-05-26T06:00:00.000,"Yanamaste, AMORAL, Ben Klock, Nastya Vogan, Norman Nodge, Phara, Phase Fatale, Unhuman, Chlo√©, Dukwa, ISAbella, Lis Sarroca, N I K O L A, Ogaz√≥n, Victor (DE)",Berghain | Panorama Bar | S√§ule,/events/2133594,295
NEVER SLEEP pres Five Years Anniversary Showcase,2025-05-24T00:00:00.000,2025-05-24T23:00:00.000,2025-05-26T06:00:00.000,"Gabber Eleganza, soraya (DE), Violent Magic Orchestra, Wutu, Ema Leo, FLUCC, L√òUS",DSTRKT (former Anomalie),/events/2135603,216
"VERTX x Space Trax w/ Estella Boersma, Frederic, LDS, Jin Synth, Tarkno, Philipp Drube, Skodde",2025-05-24T00:00:00.000,2025-05-24T23:59:00.000,2025-05-26T08:00:00.000,"AYLIN IDAH, Jin Synth, LDS, Salty DJ, Seqta, Tarkno, Frank Heise, Lucinee, Marilao, Philipp Drube, Skodde, Estella Boersma, Frederic., Marthial, The Chronics",RSO.BERLIN,/events/2149792,187
Kater Weekender with ON! Voyage & Neustockland (Friday - Monday NONSTOP),2025-05-23T00:00:00.000,2025-05-23T22:00:00.000,2025-05-26T02:00:00.000,"Annett Gapstream, Chris Schwarzw√§lder, Mona Moore, Jama Deejay, Joma Beton, Tom Eichhagen, Franz Matthews, Rotciv, Shimanski, Shimon (3), Chris Hanke, ELIXIR, Luko, Rak√§the, Robin Schellenberg, Suse, Arno, ATTA (GER), Elli.on, Robin RB, Franziska Berns, Aleska, Hightower Soundsystem, Luna City Express, Sexy Lazer",Kater,/events/2157438,126
"üòç Lustgarten üòç (sex-positive, daytime, garden)",2025-05-25T00:00:00.000,2025-05-25T14:00:00.000,2025-05-25T22:00:00.000,"Akirahawks, 2FARO",://about blank,/events/2099348,107
Rival Consoles,2025-05-25T00:00:00.000,2025-05-25T20:00:00.000,2025-05-25T23:00:00.000,Rival Consoles,Kesselhaus,/events/2056668,73
TRIG,2025-05-25T00:00:00.000,2025-05-25T23:00:00.000,2025-05-26T08:00:00.000,"LucaDj, KEROSENE (ZA)",AVA Club,/events/2134234,72
Birgits Sunday Open Air with Wanda Wild - FREE ENTRY,2025-05-25T00:00:00.000,2025-05-25T14:00:00.000,2025-05-25T22:00:00.000,Wanda Wild,Birgit,/events/2101319,31
Swim Good Open Air,2025-05-25T00:00:00.000,2025-05-25T15:00:00.000,2025-05-25T22:00:00.000,hero,OXI,/events/2147946,23
"Blank Mind: Ottomani Parker ft. Bint Mbareh, Notte Infinita",2025-05-25T00:00:00.000,2025-05-25T20:00:00.000,2025-05-25T23:00:00.000,"Ottomani Parker, Notte Infinita",Morphine Raum,/events/2148873,25
"Beate Barfu√ü /// J√òlle., Kleintierschaukel (live), Skar√∫, Iorie, Betelgeize",2025-05-25T00:00:00.000,2025-05-25T19:00:00.000,2025-05-26T04:00:00.000,"Kleintierschaukel, Skaru, Iorie",Beate Uwe,/events/2143024,19
FLORA Festival [Session 2] ** Free non-profit DIY deep listening gathering series,2025-05-25T00:00:00.000,2025-05-25T15:00:00.000,2025-05-25T21:00:00.000,"oph√©lie, Emika Elena, Martina Serra",TBA - Somewhere in Berlin,/events/2166260,11
Pizza Hawaii Verboten - official Pizza Fest afterparty,2025-05-25T00:00:00.000,2025-05-25T22:00:00.000,2025-05-26T08:00:00.000,"VSK, Ultra Instincts, Melania ., Niktech",Revier S√ºdost,/events/2173087,10
Berlin Swap Market: May Edition at Boxi,2025-05-25T00:00:00.000,2025-05-25T15:30:00.000,2025-05-25T18:00:00.000,,W√ºhlisch 40,/events/2157012,8
Loosen Up,2025-05-25T00:00:00.000,2025-05-25T12:00:00.000,2025-05-26T06:00:00.000,"Mike Shannon, Argenis Brito, Felipe Valenzuela, Ernesto Ferreyra, Deadbeat",Club der Visionaere,/events/2173440,5
"Reggae Splash at Sandmann! Live Vido Jelashe & Band feat Mehdiman,Bantam uvm",2025-05-25T00:00:00.000,2025-05-25T19:00:00.000,2025-05-26T01:00:00.000,,Sandmann Bar,/events/2125701,2
lazy.sunday mit Skinny Duchamp,2025-05-25T00:00:00.000,2025-05-25T18:00:00.000,2025-05-26T04:00:00.000,Skinny Duchamp,Minimal Bar,/events/2128739,2
Sunday Sessions,2025-05-25T00:00:00.000,2025-05-25T20:00:00.000,2025-05-26T02:00:00.000,,Insomnia,/events/2150129,2
Nachspiel,2025-05-25T00:00:00.000,2025-05-25T08:00:00.000,2025-05-25T18:00:00.000,,KitKatClub,/events/2170188,2
The FreakOuternational Vinyl Session,2025-05-25T00:00:00.000,2025-05-25T20:00:00.000,2025-05-26T02:00:00.000,"Amuleto Manuela, FreakAssE",Crack Bellmer,/events/2166547,1
She Monsters,2025-05-25T00:00:00.000,2025-05-25T21:00:00.000,2025-05-26T04:00:00.000,,Eschschloraque,/events/2158397,0
SUB_BAR: Beyond listening: the revolution is touch,2025-05-25T00:00:00.000,2025-05-25T15:00:00.000,2025-05-25T20:00:00.000,,Illuseum,/events/2166859,0
Special Sunday Live: Monde UFO (US / Fire Records) + DJ J Mahon,2025-05-25T00:00:00.000,2025-05-25T20:00:00.000,2025-05-26T02:00:00.000,,8MM,/events/2174884,0
SINGULARITY,2025-05-26T00:00:00.000,2025-05-26T23:00:00.000,2025-05-27T08:00:00.000,"Inhalt der Nacht, Christoph Faust, Inverse Element, Nnamael, TAUREAN (2)",Tresor / Globus,/events/2142683,91
Electric Monday,2025-05-26T00:00:00.000,2025-05-26T22:00:00.000,2025-05-27T06:00:00.000,"Adam Collins, Linnh, Frankie Flowerz",KitKatClub,/events/2140057,13
manic.monday mit Pablo Cornejo (Chile),2025-05-26T00:00:00.000,2025-05-26T18:00:00.000,2025-05-27T04:00:00.000,Pablo Cornejo,Minimal Bar,/events/2128743,2
MONDAY ROAST w. Deniz Arslan,2025-05-26T00:00:00.000,2025-05-26T17:00:00.000,2025-05-27T00:00:00.000,Deniz Arslan,Klunkerkranich,/events/2174089,1
Dark Monday,2025-05-26T00:00:00.000,2025-05-26T22:00:00.000,2025-05-27T04:00:00.000,Neue K,Dunckerclub,/events/2166860,0
Pager Records,2025-05-26T00:00:00.000,2025-05-26T15:00:00.000,2025-05-27T06:00:00.000,"Alexia (2), Stevo, Markus Sommer, Tom Ries",Club der Visionaere,/events/2175206,0
